state,total_fatalities,victims_injured,month,day,year
Texas,17,32,8,1,1966
Arizona,5,1,11,12,1966
Louisiana,10,13,12,31,1972
Illinois,1,3,1,17,1974
New York,3,7,12,30,1974
California,1,7,2,19,1976
California,7,2,7,12,1976
California,2,9,1,29,1979
South Carolina,2,5,10,6,1979
Nevada,1,2,3,19,1982
Florida,9,3,8,20,1982
Washington,13,1,2,18,1983
South Carolina,1,3,8,19,1983
California,3,12,2,24,1984
Texas,6,1,6,29,1984
California,22,19,7,18,1984
Kansas,1,3,1,21,1985
Georgia,2,1,3,6,1985
New York,1,4,8,12,1986
Oklahoma,15,6,8,20,1986
Montana,1,3,12,4,1986
Florida,6,14,4,23,1987
Florida,1,2,2,11,1988
California,7,4,2,16,1988
Illinois,2,7,5,20,1988
Illinois,5,2,9,22,1988
South Carolina,2,9,9,26,1988
Louisiana,0,4,12,14,1988
California,6,30,1,17,1989
California,4,1,8,10,1989
Kentucky,9,12,9,14,1989
Florida,12,6,6,17,1990
Iowa,6,1,11,1,1991
New Jersey,3,0,10,10,1991
Texas,24,20,10,16,1991
Michigan,5,5,11,14,1991
California,4,10,5,1,1992
Texas,0,6,9,11,1992
New York,5,0,10,15,1992
Massachusetts,2,4,12,14,1992
California,9,6,7,1,1993
Michigan,2,2,5,6,1993
California,1,5,5,6,1993
Utah,1,3,7,8,1993
North Carolina,4,8,8,6,1993
Wyoming,1,4,9,17,1993
New York,6,19,12,7,1993
Colorado,4,1,12,14,1993
Michigan,1,2,12,16,1993
Kentucky,4,0,5,26,1994
Washington,5,23,6,20,1994
Ohio,1,3,11,7,1994
North Carolina,2,2,1,26,1995
New Jersey,4,1,3,21,1995
Texas,6,0,4,3,1995
Tennessee,2,1,11,15,1995
Washington,3,1,2,2,1996
Florida,7,0,2,9,1996
California,3,0,8,15,1996
Alaska,2,2,2,19,1997
South Carolina,4,3,9,15,1997
Mississippi,2,7,10,1,1997
Kentucky,3,5,12,1,1997
Wisconsin,2,2,12,19,1997
California,5,2,12,18,1997
Connecticut,5,0,3,6,1998
Arkansas,5,10,3,24,1998
Pennsylvania,1,3,4,24,1998
Oregon,4,25,5,21,1998
California,0,6,10,6,1998
Colorado,15,24,4,20,1999
Georgia,0,6,5,20,1999
Georgia,10,12,7,29,1999
Texas,8,7,9,15,1999
Hawaii,7,0,11,2,1999
Oklahoma,0,4,12,6,1999
Florida,5,3,12,30,1999
Massachusetts,7,0,12,26,2000
Illinois,6,4,2,5,2001
California,2,13,3,5,2001
Virginia,3,3,1,16,2002
Arizona,4,0,10,28,2002
Ohio,1,2,5,9,2003
Mississippi,7,8,7,8,2003
Illinois,7,0,8,27,2003
Wisconsin,6,2,11,21,2004
Ohio,5,7,12,8,2004
Wisconsin,8,4,3,12,2005
Minnesota,10,5,3,21,2005
California,8,0,1,30,2006
Washington,7,2,3,25,2006
Vermont,2,2,8,24,2006
North Carolina,1,2,8,30,2006
Pennsylvania,0,5,9,17,2006
Pennsylvania,6,5,10,2,2006
Utah,6,4,2,12,2007
Oregon,0,10,4,10,2007
Virginia,33,17,4,16,2007
Wisconsin,7,1,10,7,2007
Ohio,1,4,10,11,2007
Michigan,0,4,10,25,2007
Nebraska,9,4,12,5,2007
Colorado,5,5,12,9,2007
Nevada,0,6,12,11,2007
Washington,6,0,12,24,2007
Missouri,6,2,2,7,2008
Illinois,6,17,2,14,2008
Kentucky,7,1,6,25,2008
Arizona,0,3,7,24,2008
Arkansas,0,1,10,26,2008
California,10,2,12,24,2008
Alabama,11,6,3,10,2009
California,6,1,3,29,2009
North Carolina,8,2,3,29,2009
New York,14,4,4,3,2009
Texas,13,32,11,5,2009
Washington,5,0,11,29,2009
Alabama,0,3,2,12,2010
Connecticut,9,2,8,3,2010
Arizona,6,13,1,8,2011
Ohio,1,11,2,6,2011
Alabama,1,3,4,6,2011
Michigan,8,2,7,7,2011
Nevada,5,7,9,6,2011
California,8,1,10,12,2011
Georgia,5,0,2,22,2012
Ohio,3,3,2,27,2012
California,7,3,4,2,2012
Oklahoma,3,2,4,6,2012
Washington,6,1,5,30,2012
Alabama,3,3,6,9,2012
Colorado,12,58,7,20,2012
Wisconsin,7,4,8,5,2012
Minnesota,7,2,9,27,2012
Florida,0,15,9,28,2012
Wisconsin,4,4,10,21,2012
Oregon,3,1,12,11,2012
Connecticut,28,2,12,14,2012
New Mexico,5,0,1,19,2013
Arizona,3,1,1,30,2013
California,4,2,2,3,2013
California,4,3,2,19,2013
Washington,5,0,4,21,2013
Illinois,7,1,4,24,2013
California,6,3,6,7,2013
Florida,7,0,7,26,2013
Pennsylvania,3,3,8,5,2013
Oklahoma,4,0,8,14,2013
District of Columbia,13,3,9,16,2013
Nevada,2,2,10,21,2013
Washington,2,4,11,11,1971
Arizona,9,0,8,9,1991
Texas,3,4,2,24,2005
New York,5,2,3,13,2013
California,1,3,11,1,2013
Texas,4,4,8,7,2013
Alabama,3,5,12,28,2013
California,0,8,3,23,2014
Texas,4,16,4,2,2014
Georgia,1,6,4,29,2014
California,7,7,5,23,2014
Washington,1,2,6,5,2014
Nevada,5,0,6,8,2014
Louisiana,1,9,6,29,2014
New Mexico,2,3,8,8,2014
Washington,5,1,10,24,2014
Florida,1,3,11,19,2014
California,4,2,2,20,2014
Massachusetts,2,5,12,30,1994
Alabama,5,0,1,29,2012
Pennsylvania,7,1,12,15,2014
Tennessee,0,5,1,1,2015
Idaho,3,1,1,10,2015
New York,4,1,1,24,2015
Georgia,5,0,1,28,2015
Nebraska,3,5,1,24,2015
North Carolina,3,0,2,10,2015
Pennsylvania,0,3,2,7,2015
Florida,3,1,2,9,2015
Missouri,8,1,2,26,2015
West Virginia,5,0,12,1,2014
Georgia,5,2,2,7,2015
New York,0,6,2,1,2015
Georgia,3,2,2,22,2015
Texas,4,1,2,22,2015
North Carolina,3,0,2,24,2015
Alabama,1,2,2,27,2015
North Carolina,4,0,2,28,2015
Mississippi,2,3,3,13,2015
Alabama,3,1,3,15,2015
Arizona,1,5,3,18,2015
New Mexico,2,2,3,19,2015
Florida,0,7,3,28,2015
Oklahoma,4,0,3,30,2015
Florida,0,4,4,3,2015
Indiana,0,5,4,5,2015
Georgia,1,3,4,7,2015
Arizona,5,0,4,16,2015
Texas,2,3,4,21,2015
New York,1,6,4,25,2015
Wisconsin,2,3,5,1,2015
Wisconsin,4,1,5,3,2015
Arizona,5,0,5,12,2015
Illinois,1,4,5,25,2015
Ohio,3,1,5,31,2015
Georgia,3,2,5,31,2015
Montana,5,0,6,7,2015
South Carolina,9,0,6,17,2015
North Carolina,0,4,6,20,2015
New Jersey,1,3,5,10,2015
Florida,0,4,6,16,2015
Illinois,2,3,7,12,2015
Tennessee,5,3,7,16,2015
Georgia,4,1,7,22,2015
Louisiana,3,9,7,23,2015
Texas,8,0,8,8,2015
New York,3,4,8,19,2015
Virginia,3,1,8,26,2015
Tennessee,3,1,8,29,2015
Minnesota,5,0,9,10,2015
South Dakota,6,0,9,17,2015
Oregon,10,7,10,1,2015
Arizona,1,3,10,9,2015
North Carolina,4,0,2,4,2015
Georgia,0,10,9,27,2015
Ohio,2,1,10,21,2015
Colorado,4,0,10,31,2015
Maine,4,0,11,4,2015
Florida,3,1,10,1,2015
Georgia,1,2,11,7,2015
Florida,4,1,11,13,2015
Texas,6,0,11,15,2015
Ohio,4,1,11,23,2015
Minnesota,0,5,11,23,2015
Colorado,3,9,11,27,2015
California,16,21,12,2,2015
Nebraska,2,3,12,6,2015
Virginia,6,0,1,27,2016
Florida,2,10,2,7,2016
Mississippi,2,3,2,20,2016
Michigan,6,2,2,20,2016
Arizona,5,0,2,23,2016
Kansas,4,14,2,25,2016
Washington,5,0,2,26,2016
Virginia,2,2,2,27,2016
Massachusetts,1,6,3,6,2016
Kansas,5,0,3,7,2016
Pennsylvania,6,3,3,9,2016
Florida,1,4,3,19,2016
Kentucky,4,0,3,20,2016
Texas,4,0,3,21,2016
Tennessee,2,2,3,25,2016
North Carolina,3,0,3,26,2016
Virginia,2,2,3,31,2016
Florida,3,1,1,6,2016
Tennessee,1,3,1,7,2016
Delaware,1,4,1,11,2016
Virginia,1,3,1,17,2016
Florida,3,0,1,23,2016
California,2,2,1,23,2016
California,1,4,1,25,2016
Virginia,6,0,1,27,2016
Virginia,2,2,1,29,2016
Arizona,3,5,1,30,2016
Louisiana,0,3,1,31,2016
Florida,2,6,2,6,2016
California,1,3,2,6,2016
Texas,4,0,2,6,2016
New York,1,7,2,7,2016
Michigan,0,3,2,9,2016
California,2,2,2,19,2016
Florida,1,3,2,20,2016
Michigan,6,2,2,20,2016
Missouri,1,3,2,21,2016
Texas,0,5,2,21,2016
Arizona,5,0,2,23,2016
Washington,5,0,2,25,2016
Michigan,0,5,2,28,2016
California,1,3,2,28,2016
Kansas,0,4,3,5,2016
Massachusetts,1,6,3,6,2016
Georgia,0,4,3,6,2016
Louisiana,0,4,3,7,2016
Kansas,4,0,3,7,2016
Pennsylvania,5,3,3,9,2016
New Jersey,0,5,3,11,2016
Michigan,2,2,3,11,2016
Georgia,2,2,3,12,2016
Florida,0,4,3,13,2016
Georgia,0,4,3,15,2016
Alabama,2,2,3,19,2016
Florida,1,4,3,19,2016
Kentucky,4,0,3,20,2016
Texas,4,0,3,21,2016
Alabama,2,2,3,25,2016
New Mexico,3,1,4,1,2016
Illinois,0,5,4,7,2016
New Mexico,0,4,4,9,2016
Tennessee,0,4,4,9,2016
California,0,3,4,18,2016
Illinois,1,4,4,19,2016
Texas,4,0,4,19,2016
Alabama,1,4,4,19,2016
Maryland,0,4,4,21,2016
Virginia,0,6,4,24,2016
Maryland,1,4,4,26,2016
Missouri,0,4,4,29,2016
Nevada,2,2,5,5,2016
Louisiana,2,6,5,5,2016
Maryland,3,3,6,5,2016
Arizona,2,2,5,14,2016
Texas,2,6,5,29,2016
Florida,3,3,5,6,2016
Arizona,2,4,5,6,2016
California,3,2,11,6,2016
Ohio,2,4,6,18,2016
Georgia,2,2,6,18,2016
Kentucky,2,2,6,21,2016
Maryland,3,2,6,24,2016
Texas,2,5,6,25,2016
Louisiana,2,3,3,7,2016
Texas,3,2,4,7,2016
Arizona,2,6,4,7,2016
Georgia,2,2,5,7,2016
Texas,5,9,7,7,2016
Michigan,3,2,11,7,2016
Missouri,2,2,7,13,2016
Louisiana,4,3,7,17,2016
Ohio,2,2,7,23,2016
Florida,2,19,7,25,2016
Illinois,2,2,7,28,2016
California,2,2,5,8,2016
Colorado,2,2,7,8,2016
Ohio,2,2,8,8,2016
New Mexico,2,2,8,8,2016
Wisconsin,2,2,8,13,2016
California,2,2,8,20,2016
Florida,2,4,8,27,2016
Texas,2,2,8,28,2016
Missouri,2,2,8,28,2016
North Carolina,2,2,8,28,2016
Iowa,2,2,4,9,2016
Illinois,2,3,5,9,2016
New York,2,2,5,9,2016
Indiana,3,2,9,13,2016
Wyoming,2,2,9,14,2016
Texas,2,2,9,16,2016
California,2,2,9,16,2016
Pennsylvania,2,5,9,16,2016
District of Columbia,2,7,9,17,2016
Indiana,2,2,9,17,2016
Texas,2,4,9,25,2016
South Carolina,2,2,9,28,2016
Louisiana,3,2,4,10,2016
Texas,2,2,10,14,2016
California,4,11,10,15,2016
Virginia,2,3,10,25,2016
Maryland,3,3,10,30,2016
New York,2,5,10,30,2016
Florida,2,2,2,11,2016
New Jersey,2,2,3,11,2016
Illinois,2,2,3,11,2016
California,2,2,8,11,2016
Idaho,2,2,11,11,2016
California,3,2,11,13,2016
Florida,3,2,11,13,2016
Kentucky,2,4,11,24,2016
Maryland,2,4,11,30,2016
North Carolina,2,2,12,15,2016
Illinois,2,2,12,16,2016
Texas,2,2,12,22,2016
Illinois,3,4,12,25,2016
Alabama,2,2,12,30,2016
Connecticut,2,2,12,30,2016
Georgia,2,2,12,31,2016
California,2,2,6,1,2017
Florida,5,6,6,1,2017
California,2,2,12,1,2017
Missouri,3,2,12,1,2017
Tennessee,2,2,1,21,2017
Texas,3,2,1,22,2017
Georgia,2,3,1,26,2017
Pennsylvania,2,2,6,2,2017
Illinois,3,2,2,15,2017
California,2,2,2,20,2017
Ohio,2,3,2,25,2017
Texas,2,2,4,3,2017
Illinois,2,2,10,3,2017
Michigan,3,2,3,18,2017
Ohio,2,2,3,25,2017
Ohio,2,2,3,26,2017
Ohio,2,15,3,26,2017
Texas,2,4,3,26,2017
Florida,2,4,3,27,2017
Oklahoma,2,3,1,4,2017
Illinois,2,4,2,4,2017
Florida,2,2,4,21,2017
California,2,6,4,30,2017
Texas,2,3,1,5,2017
Illinois,2,8,7,5,2017
Texas,2,3,2,6,2017
Missouri,2,2,3,6,2017
Louisiana,3,2,3,6,2017
Utah,3,2,6,6,2017
Texas,2,5,9,6,2017
Maryland,2,2,6,13,2017
California,4,2,6,14,2017
Missouri,3,2,6,18,2017
California,2,2,6,24,2017
New York,2,6,6,30,2017
New Jersey,2,2,1,7,2017
Ohio,2,3,4,7,2017
Illinois,2,2,5,7,2017
Ohio,2,2,7,19,2017
Texas,2,3,7,19,2017
North Carolina,2,3,7,29,2017
Colorado,2,2,7,31,2017
Indiana,2,2,2,8,2017
Montana,3,2,4,8,2017
California,2,2,8,14,2017
Illinois,2,5,8,20,2017
New Mexico,2,4,8,28,2017
California,2,2,8,30,2017
Illinois,2,10,8,31,2017
California,2,3,3,9,2017
Connecticut,2,2,9,23,2017
Maryland,2,2,9,26,2017
Kansas,3,2,1,10,2017
Nevada,61,411,1,10,2017
California,2,2,12,10,2017
Texas,2,2,10,15,2017
Maryland,3,3,10,18,2017
Alabama,2,7,10,22,2017
California,2,2,10,23,2017
Georgia,2,2,12,11,2017
California,6,12,11,14,2017
California,2,2,11,14,2017
Pennsylvania,2,2,4,12,2017
California,2,3,10,12,2017
Pennsylvania,2,2,12,26,2017
Nevada,2,2,12,27,2017
Colorado,2,6,12,31,2017
Pennsylvania,1,3,6,22,2018
California,1,3,6,21,2018
California,0,5,6,20,2018
Illinois,2,3,6,18,2018
Illinois,3,1,6,18,2018
New Jersey,1,22,6,17,2018
Georgia,1,3,6,17,2018
California,0,5,6,14,2018
Colorado,1,3,6,14,2018
Florida,5,1,6,11,2018
Florida,1,5,6,10,2018
California,0,6,6,10,2018
Illinois,0,7,6,10,2018
Illinois,2,2,6,10,2018
Illinois,1,5,6,10,2018
Florida,3,1,6,5,2018
Texas,0,5,6,3,2018
Illinois,1,3,6,3,2018
Nebraska,1,6,6,2,2018
New York,0,5,6,2,2018
South Carolina,3,2,5,31,2018
Arizona,7,0,6,4,2018
Colorado,1,3,5,27,2018
Mississippi,1,7,5,20,2018
Texas,10,14,5,18,2018
Texas,5,1,5,16,2018
California,3,2,5,13,2018
California,2,2,5,13,2018
Nebraska,0,7,5,12,2018
California,0,5,5,7,2018
Georgia,0,5,5,5,2018
Minnesota,0,6,5,2,2018
Louisiana,0,5,5,1,2018
Washington,2,2,4,29,2018
North Carolina,1,3,4,29,2018
Florida,1,3,4,29,2018
North Carolina,0,5,4,28,2018
Missouri,3,1,4,25,2018
Louisiana,1,5,4,22,2018
Tennessee,4,2,4,22,2018
Pennsylvania,2,2,4,21,2018
California,1,5,4,20,2018
North Carolina,4,3,4,18,2018
Louisiana,0,6,4,15,2018
North Carolina,1,3,4,8,2018
Florida,2,2,4,8,2018
Virginia,1,3,4,6,2018
Louisiana,2,2,4,4,2018
Texas,1,3,4,2,2018
Michigan,0,5,4,1,2018
New Jersey,0,5,3,31,2018
Texas,1,3,3,29,2018
California,1,5,3,21,2018
Kentucky,0,7,3,17,2018
Illinois,1,3,3,11,2018
Indiana,0,6,3,11,2018
Michigan,0,5,3,11,2018
California,5,0,3,9,2018
North Carolina,3,1,3,9,2018
Alabama,2,2,3,7,2018
New York,1,3,3,3,2018
Michigan,5,0,2,26,2018
Florida,1,3,2,23,2018
Texas,0,5,2,18,2018
Kansas,1,7,2,17,2018
Tennessee,0,5,2,17,2018
Oklahoma,1,3,2,16,2018
Florida,17,17,2,14,2018
Louisiana,3,5,2,13,2018
Michigan,4,3,11,2,2018
Kentucky,5,0,10,2,2018
Florida,3,3,7,2,2018
Ohio,1,5,3,2,2018
Pennsylvania,5,0,1,28,2018
Pennsylvania,4,0,1,28,2018
Indiana,2,3,1,28,2018
California,0,5,1,27,2018
Kentucky,2,16,1,23,2018
District of Columbia,1,3,1,17,2018
Florida,0,5,1,15,2018
Tennessee,3,2,12,1,2018
Missouri,2,2,11,1,2018
Alabama,1,5,7,1,2018
Mississippi,0,6,5,1,2018
Arkansas,1,3,4,1,2018
Alabama,1,3,1,1,2018
Texas,3,0,12,29,2019
California,0,5,12,29,2019
Illinois,0,5,12,29,2019
New York,1,3,12,29,2019
Texas,2,7,12,27,2019
California,1,3,12,27,2019
Florida,0,5,12,26,2019
Iowa,1,3,12,25,2019
Virginia,1,3,12,25,2019
North Carolina,0,6,12,24,2019
Illinois,0,13,12,22,2019
Maryland,0,7,12,22,2019
Mississippi,1,6,12,21,2019
North Carolina,2,2,12,20,2019
Alabama,2,2,12,20,2019
Rhode Island,2,2,12,19,2019
Montana,4,1,12,17,2019
Missouri,1,3,12,12,2019
New Jersey,6,3,12,10,2019
Texas,4,0,12,10,2019
Texas,2,3,12,8,2019
Florida,4,8,12,6,2019
Florida,4,1,12,5,2019
Hawaii,3,1,12,4,2019
Alabama,2,2,12,4,2019
Michigan,1,3,12,1,2019
Louisiana,2,3,12,1,2019
Louisiana,2,2,12,1,2019
Louisiana,0,10,12,1,2019
Texas,0,7,11,29,2019
New York,0,5,11,27,2019
Florida,2,2,11,25,2019
California,0,6,11,24,2019
Louisiana,2,2,11,24,2019
Louisiana,1,6,11,23,2019
California,0,5,11,21,2019
New Jersey,1,3,11,18,2019
California,4,6,11,17,2019
California,5,1,11,16,2019
California,3,3,11,14,2019
Georgia,2,3,11,7,2019
Texas,1,3,11,4,2019
Texas,1,3,11,3,2019
Arizona,0,5,11,1,2019
California,5,4,10,31,2019
California,3,9,10,29,2019
Maryland,1,3,10,28,2019
Texas,2,10,10,27,2019
Oklahoma,2,2,10,24,2019
Oklahoma,1,3,10,22,2019
Texas,1,3,10,20,2019
Texas,1,3,10,19,2019
Oklahoma,2,2,10,15,2019
Puerto Rico,6,0,10,14,2019
Pennsylvania,3,1,10,14,2019
Pennsylvania,0,6,10,13,2019
New York,4,3,10,12,2019
Maryland,1,3,10,12,2019
Illinois,5,0,10,12,2019
Michigan,1,5,10,12,2019
Pennsylvania,0,5,10,10,2019
Wisconsin,1,3,10,10,2019
Florida,2,2,10,10,2019
Maryland,1,3,10,9,2019
Massachusetts,5,0,10,7,2019
Kansas,4,5,10,6,2019
Indiana,0,5,10,6,2019
Oklahoma,4,0,10,5,2019
Missouri,1,3,10,3,2019
North Carolina,1,3,10,3,2019
Illinois,1,3,9,29,2019
Texas,4,0,9,29,2019
Ohio,3,1,9,27,2019
Illinois,1,3,9,24,2019
Indiana,2,2,9,23,2019
Missouri,0,5,9,22,2019
Indiana,0,6,9,21,2019
South Carolina,2,8,9,21,2019
Indiana,1,3,9,21,2019
Louisiana,1,5,9,20,2019
"Washington, D.C.",1,5,9,19,2019
Illinois,3,1,9,18,2019
California,2,2,9,18,2019
Wyoming,2,2,9,16,2019
Missouri,2,2,9,14,2019
New Mexico,1,3,9,12,2019
New Mexico,4,2,9,12,2019
Louisiana,1,3,9,8,2019
South Carolina,2,3,9,8,2019
North Carolina,3,1,9,7,2019
Louisiana,2,2,9,4,2019
Alabama,5,0,9,2,2019
North Carolina,2,2,9,2,2019
Alabama,0,7,9,1,2019
Texas,8,25,8,31,2019
North Carolina,1,3,8,31,2019
Alabama,0,10,8,30,2019
Maryland,1,3,8,30,2019
Maryland,1,3,8,29,2019
Florida,4,0,8,26,2019
Illinois,1,3,8,25,2019
New Mexico,3,4,8,25,2019
Massachusetts,1,3,8,24,2019
Florida,2,3,8,24,2019
Maryland,0,7,8,24,2019
Missouri,1,3,8,23,2019
Texas,2,2,8,23,2019
South Carolina,2,2,8,22,2019
Texas,0,7,8,17,2019
Virginia,1,3,8,17,2019
Pennsylvania,0,5,8,15,2019
Alabama,2,3,8,15,2019
West Virginia,1,5,8,14,2019
Pennsylvania,0,6,8,14,2019
Washington,2,3,8,13,2019
California,2,2,8,12,2019
North Carolina,3,1,8,12,2019
Illinois,0,6,8,11,2019
New Jersey,1,3,8,8,2019
Missouri,2,2,8,7,2019
Georgia,4,0,8,6,2019
Texas,4,0,8,5,2019
Maryland,1,3,8,5,2019
Tennessee,1,3,8,4,2019
Illinois,1,7,8,4,2019
Illinois,0,7,8,4,2019
Ohio,10,27,8,4,2019
Texas,23,23,8,3,2019
Maryland,3,1,8,2,2019
Virginia,2,3,8,2,2019
Indiana,3,1,7,31,2019
Mississippi,2,2,7,30,2019
Texas,3,1,7,30,2019
Ohio,0,5,7,30,2019
Wisconsin,5,2,7,28,2019
California,4,17,7,28,2019
Pennsylvania,1,5,7,28,2019
Kansas,1,3,7,27,2019
New York,1,12,7,27,2019
North Carolina,3,1,7,25,2019
California,4,2,7,25,2019
Florida,2,2,7,23,2019
New Jersey,0,6,7,20,2019
Illinois,0,7,7,20,2019
Illinois,1,3,7,18,2019
Texas,1,3,7,17,2019
Louisiana,1,3,7,15,2019
Maryland,2,2,7,15,2019
Pennsylvania,0,7,7,13,2019
North Carolina,2,2,7,8,2019
Michigan,2,2,7,6,2019
Illinois,0,5,7,5,2019
Nevada,1,3,7,5,2019
Arkansas,4,0,7,5,2019
Massachusetts,0,6,7,5,2019
Illinois,1,3,7,4,2019
California,1,3,7,4,2019
Texas,2,3,7,3,2019
California,0,5,6,30,2019
Texas,2,2,6,30,2019
New York,0,6,6,30,2019
Louisiana,0,7,6,29,2019
Illinois,0,5,6,29,2019
Georgia,0,7,6,28,2019
Connecticut,0,5,6,28,2019
Minnesota,0,5,6,28,2019
Georgia,0,7,6,27,2019
Ohio,1,3,6,26,2019
California,5,0,6,23,2019
South Carolina,3,1,6,23,2019
Ohio,0,5,6,23,2019
California,1,3,6,23,2019
Indiana,1,10,6,23,2019
Michigan,1,3,6,21,2019
California,0,5,6,21,2019
Pennsylvania,0,10,6,20,2019
New Jersey,1,6,6,18,2019
Texas,1,1,6,17,2019
Tennessee,0,5,6,17,2019
Pennsylvania,1,7,6,16,2019
Kentucky,1,6,6,16,2019
Iowa,0,6,6,16,2019
Iowa,4,0,6,15,2019
North Carolina,1,3,6,12,2019
Georgia,2,2,6,11,2019
Tennessee,1,3,6,9,2019
Ohio,1,3,6,9,2019
Washington,5,0,6,8,2019
Texas,0,5,6,7,2019
Illinois,1,3,6,6,2019
Virginia,1,3,6,1,2019
Georgia,0,5,6,1,2019
South Carolina,0,5,6,1,2019
Virginia,13,4,5,31,2019
Illinois,0,5,5,30,2019
Texas,2,3,5,29,2019
New Jersey,1,5,5,27,2019
"Washington, D.C.",0,5,5,27,2019
California,1,3,5,26,2019
Virginia,0,5,5,26,2019
"Washington, D.C.",1,3,5,26,2019
Illinois,2,3,5,26,2019
Oklahoma,0,5,5,25,2019
Virginia,1,9,5,25,2019
New Jersey,0,10,5,25,2019
Oklahoma,2,2,5,20,2019
Oregon,0,5,5,19,2019
Mississippi,1,5,5,18,2019
Iowa,2,2,5,18,2019
Alabama,1,8,5,18,2019
California,1,5,5,18,2019
North Carolina,1,5,5,18,2019
Indiana,0,7,5,18,2019
Missouri,4,1,5,13,2019
Missouri,0,6,5,10,2019
Pennsylvania,0,5,5,10,2019
Colorado,1,8,5,7,2019
California,0,6,5,5,2019
Maryland,0,5,5,3,2019
Texas,1,3,5,3,2019
Massachusetts,1,3,5,1,2019
Ohio,4,0,4,28,2019
Tennessee,0,7,4,28,2019
Maryland,1,7,4,28,2019
Mississippi,1,3,4,27,2019
California,1,3,4,27,2019
Tennessee,0,7,4,20,2019
Maryland,1,3,4,16,2019
California,1,3,4,14,2019
Florida,2,2,4,14,2019
Arizona,3,2,4,11,2019
Indiana,2,3,4,7,2019
North Carolina,0,6,4,7,2019
Delaware,0,6,4,7,2019
Illinois,0,6,4,6,2019
Florida,1,3,4,4,2019
Georgia,3,2,4,4,2019
Kentucky,0,5,4,2,2019
South Carolina,0,7,3,31,2019
Nevada,0,5,3,25,2019
California,1,5,3,24,2019
Arizona,0,7,3,24,2019
Georgia,1,3,3,17,2019
New Jersey,1,3,3,16,2019
Alabama,2,3,3,15,2019
Montana,1,3,3,14,2019
Illinois,1,3,3,13,2019
Illinois,0,6,3,3,2019
Illinois,4,0,2,28,2019
Alabama,2,2,2,22,2019
Kentucky,2,2,2,21,2019
Texas,2,2,2,21,2019
Michigan,4,0,2,18,2019
Indiana,0,5,2,17,2019
Texas,2,2,2,17,2019
Louisiana,1,5,2,17,2019
Mississippi,4,0,2,16,2019
Illinois,6,6,2,15,2019
Florida,2,2,2,14,2019
Texas,5,0,2,11,2019
New York,1,3,2,6,2019
Ohio,1,3,2,6,2019
Texas,2,2,2,5,2019
"Washington, D.C.",0,5,2,4,2019
Illinois,2,5,2,3,2019
Alabama,0,5,1,27,2019
New Jersey,1,3,1,26,2019
Indiana,0,5,1,26,2019
Louisiana,5,0,1,26,2019
Pennsylvania,4,1,1,24,2019
Georgia,4,1,1,24,2019
Florida,5,0,1,23,2019
Florida,3,2,1,19,2019
Texas,3,2,1,19,2019
Kentucky,3,1,1,17,2019
Florida,1,5,1,16,2019
California,3,1,1,16,2019
Arizona,1,5,1,13,2019
Virginia,3,2,1,4,2019
Texas,1,3,1,4,2019
California,3,4,1,4,2019
Texas,3,1,1,3,2019
Arkansas,1,3,1,2,2019
South Carolina,0,5,1,1,2019
Florida,0,5,1,1,2019
Indiana,1,3,12,31,2020
Massachusetts,1,5,12,26,2020
Illinois,3,3,12,26,2020
Florida,2,2,12,26,2020
Florida,1,3,12,26,2020
Arkansas,5,0,12,25,2020
Mississippi,5,0,12,22,2020
Kentucky,4,0,12,20,2020
Connecticut,2,2,12,20,2020
Illinois,0,6,12,19,2020
West Virginia,4,0,12,13,2020
California,1,3,12,12,2020
New York,1,3,12,12,2020
Maryland,1,3,12,12,2020
Mississippi,0,5,12,10,2020
Louisiana,2,2,12,10,2020
Louisiana,2,3,12,8,2020
Texas,0,6,12,6,2020
California,1,3,12,5,2020
North Carolina,0,6,12,5,2020
Pennsylvania,1,3,12,1,2020
Alaska,4,0,11,30,2020
Mississippi,0,11,11,29,2020
Tennessee,2,2,11,29,2020
South Carolina,1,14,11,28,2020
Georgia,1,5,11,27,2020
Ohio,0,6,11,27,2020
New York,1,6,11,22,2020
Illinois,0,6,11,21,2020
Nebraska,2,2,11,21,2020
Michigan,3,1,11,20,2020
Wisconsin,0,8,11,20,2020
Florida,1,3,11,19,2020
Texas,3,2,11,18,2020
Louisiana,0,5,11,15,2020
Georgia,2,2,11,15,2020
South Carolina,3,1,11,14,2020
California,2,3,11,14,2020
North Carolina,0,6,11,12,2020
Florida,1,7,11,10,2020
Tennessee,0,8,11,8,2020
South Carolina,1,3,11,7,2020
Louisiana,2,2,11,6,2020
Ohio,3,1,11,5,2020
Nevada,4,1,11,3,2020
New Jersey,1,3,11,1,2020
South Carolina,0,6,11,1,2020
North Carolina,1,3,11,1,2020
Oklahoma,1,3,11,1,2020
New York,2,2,11,1,2020
Arizona,2,2,11,1,2020
Washington,0,5,10,31,2020
Maryland,0,7,10,31,2020
Maryland,1,3,10,30,2020
Illinois,1,3,10,30,2020
New Jersey,1,3,10,28,2020
Alabama,1,3,10,26,2020
Texas,2,3,10,25,2020
North Carolina,1,3,10,25,2020
Mississippi,2,8,10,24,2020
Florida,1,3,10,22,2020
Louisiana,0,5,10,22,2020
New York,1,5,10,21,2020
Mississippi,1,3,10,21,2020
Texas,3,1,10,20,2020
Ohio,0,5,10,19,2020
Louisiana,1,3,10,19,2020
Maryland,1,3,10,18,2020
New York,1,5,10,17,2020
South Carolina,0,5,10,17,2020
Florida,3,1,10,16,2020
Arizona,1,6,10,16,2020
California,1,3,10,16,2020
Maryland,0,7,10,15,2020
Louisiana,2,2,10,15,2020
South Carolina,2,3,10,12,2020
Illinois,1,3,10,10,2020
South Carolina,0,8,10,10,2020
Missouri,2,2,10,10,2020
Pennsylvania,1,6,10,8,2020
New York,1,3,10,7,2020
Indiana,3,4,10,4,2020
Georgia,1,5,10,4,2020
California,1,3,10,3,2020
Tennessee,0,5,10,3,2020
Michigan,0,5,10,1,2020
Wisconsin,0,7,9,30,2020
Pennsylvania,0,5,9,29,2020
Ohio,2,2,9,29,2020
Michigan,0,6,9,28,2020
California,1,3,9,27,2020
Alabama,1,3,9,26,2020
Iowa,2,6,9,26,2020
Georgia,1,3,9,23,2020
Minnesota,0,5,9,23,2020
Connecticut,1,3,9,20,2020
New York,2,14,9,19,2020
Arkansas,0,5,9,19,2020
Pennsylvania,2,3,9,16,2020
California,2,3,9,15,2020
Illinois,0,5,9,15,2020
New Jersey,2,6,9,14,2020
Michigan,0,7,9,13,2020
Tennessee,3,3,9,13,2020
Illinois,1,3,9,13,2020
North Carolina,0,5,9,12,2020
Louisiana,0,5,9,11,2020
Louisiana,3,1,9,10,2020
Missouri,1,3,9,9,2020
Maryland,0,5,9,8,2020
New York,0,5,9,7,2020
California,7,0,9,7,2020
Illinois,1,3,9,7,2020
Missouri,0,6,9,6,2020
Missouri,1,3,9,6,2020
Georgia,1,6,9,6,2020
Louisiana,0,5,9,6,2020
Maryland,1,3,9,5,2020
Florida,0,6,9,5,2020
Pennsylvania,0,6,9,3,2020
Arkansas,1,3,9,3,2020
Pennsylvania,2,2,9,2,2020
Georgia,1,3,9,2,2020
Texas,2,2,8,30,2020
Kentucky,0,7,8,30,2020
Kentucky,0,5,8,30,2020
Nevada,2,2,8,29,2020
Illinois,1,5,8,29,2020
Texas,0,5,8,28,2020
Oregon,1,3,8,27,2020
Michigan,3,1,8,26,2020
Virginia,0,5,8,25,2020
California,1,3,8,24,2020
Arkansas,0,7,8,23,2020
New York,1,3,8,23,2020
Colorado,0,6,8,23,2020
Illinois,1,3,8,22,2020
Alabama,1,3,8,22,2020
Illinois,0,6,8,19,2020
Kentucky,2,2,8,17,2020
Ohio,0,5,8,17,2020
Texas,3,2,8,17,2020
Texas,0,5,8,16,2020
Ohio,2,9,8,16,2020
Kentucky,1,3,8,16,2020
Colorado,2,5,8,16,2020
Ohio,1,3,8,16,2020
Pennsylvania,0,5,8,15,2020
New York,0,5,8,15,2020
Michigan,4,0,8,15,2020
Connecticut,1,5,8,15,2020
Alabama,2,3,8,15,2020
Ohio,1,3,8,12,2020
California,0,5,8,11,2020
Colorado,0,10,8,9,2020
Ohio,0,6,8,9,2020
"Washington, D.C.",1,21,8,9,2020
Pennsylvania,0,6,8,8,2020
Massachusetts,0,5,8,8,2020
Alabama,1,5,8,8,2020
New York,1,3,8,8,2020
California,1,3,8,6,2020
Missouri,1,3,8,4,2020
Connecticut,1,5,8,4,2020
New Jersey,0,5,8,2,2020
Texas,2,3,8,1,2020
Pennsylvania,1,3,7,31,2020
Florida,0,5,7,30,2020
Florida,0,5,7,30,2020
Missouri,3,1,7,29,2020
Ohio,5,0,7,29,2020
Delaware,2,2,7,28,2020
Washington,1,3,7,27,2020
Michigan,1,3,7,26,2020
Colorado,1,3,7,26,2020
Kentucky,1,3,7,26,2020
California,0,7,7,25,2020
Michigan,0,6,7,25,2020
Florida,1,3,7,25,2020
Colorado,2,3,7,25,2020
Georgia,2,2,7,24,2020
Virginia,1,3,7,23,2020
Illinois,0,15,7,21,2020
Illinois,0,5,7,20,2020
Illinois,0,13,7,19,2020
Nebraska,0,8,7,19,2020
Illinois,2,3,7,19,2020
"Washington, D.C.",1,8,7,19,2020
Michigan,3,1,7,19,2020
Tennessee,0,5,7,16,2020
New York,1,5,7,15,2020
Louisiana,1,3,7,15,2020
Missouri,0,5,7,14,2020
North Carolina,0,8,7,14,2020
New York,0,6,7,13,2020
Kentucky,1,3,7,13,2020
Washington,0,6,7,13,2020
Mississippi,2,3,7,12,2020
Louisiana,1,7,7,12,2020
Michigan,0,5,7,12,2020
New York,1,3,7,12,2020
Florida,2,2,7,12,2020
Illinois,1,3,7,12,2020
New York,0,6,7,11,2020
Delaware,0,5,7,11,2020
New Jersey,4,3,7,7,2020
Virginia,0,5,7,7,2020
Illinois,0,6,7,6,2020
Iowa,1,3,7,5,2020
South Carolina,2,8,7,5,2020
New York,0,5,7,5,2020
Arkansas,1,3,7,5,2020
Georgia,2,12,7,5,2020
Illinois,1,5,7,5,2020
Missouri,2,3,7,5,2020
Illinois,1,5,7,5,2020
South Carolina,0,5,7,5,2020
Maryland,1,3,7,4,2020
Georgia,0,5,7,4,2020
Mississippi,1,3,7,4,2020
Illinois,1,3,7,4,2020
Illinois,4,4,7,4,2020
Alabama,1,3,7,3,2020
California,2,3,7,2,2020
Massachusetts,1,3,6,30,2020
Iowa,0,5,6,30,2020
South Dakota,1,3,6,29,2020
Pennsylvania,2,2,6,28,2020
Alabama,0,7,6,28,2020
Illinois,1,3,6,27,2020
Arkansas,3,1,6,27,2020
Colorado,0,5,6,26,2020
Connecticut,1,3,6,25,2020
Florida,0,5,6,23,2020
California,0,5,6,22,2020
North Carolina,3,6,6,22,2020
Illinois,0,5,6,22,2020
New York,0,5,6,22,2020
Texas,0,5,6,21,2020
Illinois,1,3,6,21,2020
Minnesota,1,11,6,21,2020
New York,0,9,6,20,2020
Michigan,1,3,6,20,2020
North Carolina,2,2,6,20,2020
Kansas,0,5,6,20,2020
New York,0,7,6,18,2020
Iowa,2,2,6,16,2020
Minnesota,1,6,6,14,2020
Louisiana,0,5,6,14,2020
Louisiana,1,3,6,14,2020
California,0,5,6,13,2020
Missouri,1,5,6,13,2020
New York,1,7,6,13,2020
Georgia,2,5,6,13,2020
Maryland,0,5,6,13,2020
"Washington, D.C.",2,5,6,13,2020
Pennsylvania,0,6,6,12,2020
New York,1,3,6,12,2020
Texas,0,8,6,12,2020
Louisiana,6,0,6,11,2020
"Washington, D.C.",0,7,6,11,2020
California,1,3,6,10,2020
California,2,5,6,10,2020
Ohio,1,3,6,10,2020
North Carolina,0,5,6,9,2020
California,2,3,6,9,2020
Pennsylvania,1,6,6,9,2020
Tennessee,0,5,6,7,2020
Illinois,1,3,6,7,2020
Illinois,0,6,6,7,2020
Missouri,2,7,6,7,2020
Arkansas,0,6,6,7,2020
Alabama,7,0,6,4,2020
Wisconsin,0,5,6,2,2020
Texas,1,3,6,2,2020
Michigan,0,6,5,31,2020
Mississippi,1,5,5,31,2020
Iowa,1,3,5,30,2020
Florida,1,5,5,30,2020
North Carolina,1,5,5,30,2020
Virginia,0,5,5,29,2020
Pennsylvania,1,3,5,28,2020
Kentucky,0,7,5,28,2020
Ohio,1,3,5,27,2020
California,0,5,5,27,2020
California,0,5,5,26,2020
Illinois,2,2,5,26,2020
South Carolina,3,5,5,26,2020
Louisiana,0,6,5,25,2020
Alabama,3,1,5,24,2020
"Washington, D.C.",1,3,5,23,2020
South Carolina,2,5,5,23,2020
North Carolina,0,6,5,23,2020
Michigan,1,3,5,23,2020
Illinois,1,3,5,23,2020
Florida,0,6,5,23,2020
Florida,0,5,5,23,2020
Ohio,1,3,5,22,2020
Texas,2,3,5,20,2020
Illinois,0,5,5,19,2020
California,0,5,5,18,2020
Maryland,1,3,5,17,2020
South Carolina,4,1,5,17,2020
Louisiana,0,13,5,16,2020
New Mexico,0,5,5,14,2020
Texas,0,6,5,10,2020
Louisiana,0,5,5,10,2020
Texas,0,5,5,10,2020
Tennessee,2,2,5,6,2020
Georgia,1,3,5,6,2020
Indiana,1,3,5,5,2020
Illinois,0,5,5,3,2020
Wisconsin,5,0,4,27,2020
Illinois,1,3,4,25,2020
Tennessee,0,7,4,25,2020
Texas,3,1,4,24,2020
Maryland,2,2,4,18,2020
North Carolina,1,3,4,17,2020
Mississippi,1,3,4,15,2020
California,0,6,4,11,2020
South Carolina,1,3,4,8,2020
Illinois,1,3,4,7,2020
California,1,3,4,5,2020
Texas,2,2,4,4,2020
Georgia,3,1,3,31,2020
Pennsylvania,0,5,3,30,2020
Maryland,1,3,3,28,2020
Maryland,0,7,3,17,2020
Missouri,5,2,3,15,2020
North Carolina,7,0,3,15,2020
Michigan,2,2,3,14,2020
New Mexico,1,3,3,14,2020
Louisiana,0,5,3,13,2020
Pennsylvania,2,2,3,10,2020
California,1,3,3,8,2020
Wisconsin,1,3,3,8,2020
Maryland,1,5,3,8,2020
Ohio,1,17,3,7,2020
Illinois,0,7,3,7,2020
"Washington, D.C.",0,6,3,6,2020
California,1,5,3,4,2020
Colorado,0,5,2,29,2020
Wisconsin,6,0,2,26,2020
Louisiana,0,6,2,25,2020
Texas,0,7,2,23,2020
North Carolina,3,1,2,23,2020
Idaho,2,3,2,20,2020
Florida,4,0,2,20,2020
Mississippi,2,2,2,17,2020
Texas,1,3,2,16,2020
Tennessee,0,7,2,15,2020
Illinois,0,6,2,14,2020
Ohio,3,2,2,9,2020
Texas,1,3,2,8,2020
Texas,1,3,2,7,2020
Indiana,4,0,2,5,2020
Maine,3,1,2,3,2020
California,1,5,2,3,2020
Louisiana,4,0,2,1,2020
Florida,1,3,1,31,2020
New York,3,1,1,26,2020
Missouri,0,5,1,26,2020
North Carolina,0,6,1,26,2020
South Carolina,3,6,1,26,2020
North Carolina,5,0,1,24,2020
Illinois,2,2,1,24,2020
Washington,1,7,1,22,2020
Missouri,2,15,1,19,2020
Texas,2,2,1,19,2020
Texas,2,5,1,19,2020
Utah,4,1,1,17,2020
Illinois,0,5,1,16,2020
Iowa,2,2,1,15,2020
Colorado,0,5,1,11,2020
Mississippi,2,2,1,8,2020
Florida,1,3,1,4,2020
Missouri,3,1,1,1,2020
West Virginia,0,7,1,1,2020
Puerto Rico,4,1,1,1,2020
California,0,6,12,31,2021
Mississippi,4,3,12,31,2021
Pennsylvania,0,6,12,30,2021
Missouri,2,2,12,30,2021
Alabama,1,3,12,27,2021
Colorado,6,2,12,27,2021
Ohio,1,3,12,27,2021
Texas,3,1,12,26,2021
Mississippi,0,7,12,26,2021
Georgia,1,3,12,24,2021
Pennsylvania,0,6,12,24,2021
Illinois,1,3,12,19,2021
Maryland,1,3,12,17,2021
Mississippi,0,6,12,12,2021
Florida,0,5,12,12,2021
Texas,1,14,12,12,2021
Illinois,1,3,12,11,2021
Michigan,1,3,12,10,2021
Florida,0,5,12,10,2021
North Carolina,0,5,12,10,2021
Wisconsin,1,5,12,9,2021
Michigan,2,2,12,5,2021
Texas,1,3,12,5,2021
Tennessee,2,2,12,3,2021
North Carolina,3,3,12,2,2021
Michigan,4,7,11,30,2021
Georgia,4,2,11,30,2021
Maryland,0,7,11,28,2021
California,5,0,11,28,2021
Colorado,0,5,11,28,2021
New Jersey,1,3,11,27,2021
Tennessee,3,4,11,26,2021
Texas,2,2,11,25,2021
Texas,1,3,11,23,2021
North Carolina,2,2,11,22,2021
New Jersey,0,5,11,21,2021
California,2,2,11,20,2021
Maryland,1,3,11,18,2021
Illinois,1,3,11,17,2021
Colorado,0,6,11,15,2021
Pennsylvania,0,6,11,14,2021
Missouri,1,5,11,14,2021
Oregon,2,2,11,14,2021
Arizona,4,1,11,14,2021
Alabama,1,5,11,14,2021
Virginia,2,2,11,12,2021
Alabama,2,2,11,12,2021
South Dakota,3,2,11,9,2021
Wisconsin,1,3,11,7,2021
California,2,2,11,6,2021
Texas,0,6,11,6,2021
California,1,3,11,5,2021
Virginia,3,2,11,3,2021
Illinois,1,3,10,31,2021
Colorado,2,2,10,31,2021
Texas,1,9,10,31,2021
Kentucky,2,2,10,31,2021
Texas,1,3,10,31,2021
Illinois,2,12,10,31,2021
California,1,3,10,30,2021
Texas,1,9,10,30,2021
California,2,5,10,30,2021
New York,0,5,10,29,2021
Tennessee,1,3,10,28,2021
Idaho,3,4,10,25,2021
California,2,2,10,24,2021
Mississippi,2,3,10,24,2021
South Carolina,0,6,10,23,2021
Georgia,1,7,10,23,2021
Illinois,0,5,10,22,2021
Maryland,0,7,10,22,2021
Washington,4,0,10,21,2021
Michigan,4,0,10,20,2021
Wisconsin,3,2,10,19,2021
Texas,0,5,10,17,2021
Missouri,1,3,10,17,2021
Colorado,0,5,10,17,2021
Louisiana,1,7,10,17,2021
Wisconsin,0,6,10,17,2021
Arkansas,1,7,10,17,2021
Mississippi,3,3,10,17,2021
Texas,1,3,10,16,2021
Alabama,0,5,10,15,2021
Florida,1,5,10,12,2021
Mississippi,3,1,10,12,2021
Georgia,0,6,10,11,2021
South Carolina,2,3,10,10,2021
Minnesota,1,14,10,10,2021
New York,1,6,10,9,2021
Colorado,1,3,10,9,2021
"Washington, D.C.",1,3,10,8,2021
Wisconsin,3,1,10,7,2021
Wisconsin,0,5,10,7,2021
Maryland,1,5,10,6,2021
Louisiana,1,3,10,6,2021
Illinois,1,3,10,5,2021
Colorado,1,3,10,2,2021
Texas,1,3,10,2,2021
"Washington, D.C.",1,5,10,1,2021
Iowa,0,6,10,1,2021
Illinois,0,5,9,29,2021
Illinois,1,3,9,28,2021
Minnesota,1,3,9,28,2021
Illinois,1,3,9,27,2021
New York,0,5,9,27,2021
Washington,3,3,9,26,2021
Illinois,0,6,9,26,2021
Tennessee,2,5,9,25,2021
California,0,6,9,25,2021
Tennessee,4,0,9,25,2021
South Carolina,4,1,9,24,2021
Tennessee,2,14,9,23,2021
North Carolina,2,2,9,22,2021
"Washington, D.C.",0,5,9,21,2021
Pennsylvania,1,5,9,20,2021
Missouri,1,3,9,20,2021
South Carolina,1,7,9,19,2021
California,1,3,9,19,2021
Illinois,0,5,9,19,2021
New York,2,2,9,19,2021
New York,1,3,9,18,2021
Illinois,2,2,9,18,2021
Louisiana,0,5,9,18,2021
Ohio,0,6,9,14,2021
Wisconsin,0,5,9,13,2021
Minnesota,4,0,9,12,2021
Illinois,2,2,9,12,2021
Alabama,0,5,9,11,2021
Illinois,1,3,9,11,2021
Illinois,1,5,9,11,2021
Illinois,0,7,9,9,2021
Alabama,1,3,9,9,2021
Kansas,1,5,9,7,2021
Georgia,0,5,9,6,2021
Texas,4,0,9,5,2021
Georgia,0,7,9,5,2021
Florida,4,2,9,5,2021
Alabama,2,2,9,4,2021
Louisiana,1,3,9,4,2021
"Washington, D.C.",3,3,9,4,2021
Illinois,0,5,9,4,2021
Texas,1,3,9,3,2021
Louisiana,1,3,9,3,2021
North Carolina,2,2,8,31,2021
Illinois,3,3,8,30,2021
Tennessee,0,5,8,29,2021
Nevada,1,3,8,29,2021
New York,0,5,8,28,2021
West Virginia,2,2,8,27,2021
Minnesota,0,7,8,26,2021
Illinois,1,3,8,22,2021
Oregon,0,5,8,22,2021
Michigan,1,3,8,22,2021
Illinois,1,5,8,21,2021
Michigan,1,3,8,20,2021
Maryland,1,3,8,19,2021
Maryland,1,3,8,18,2021
North Carolina,1,3,8,18,2021
New York,0,5,8,17,2021
New York,0,8,8,16,2021
Michigan,1,3,8,16,2021
Texas,3,2,8,15,2021
Ohio,0,5,8,14,2021
Nevada,1,6,8,13,2021
Mississippi,2,2,8,10,2021
Massachusetts,1,5,8,9,2021
Louisiana,0,5,8,8,2021
Texas,1,5,8,8,2021
Illinois,1,6,8,8,2021
New York,2,3,8,8,2021
Illinois,1,3,8,3,2021
South Carolina,3,1,8,2,2021
South Carolina,0,9,8,2,2021
Louisiana,0,5,8,1,2021
Louisiana,1,3,8,1,2021
Texas,1,3,8,1,2021
Rhode Island,0,5,8,1,2021
Michigan,2,2,7,31,2021
New York,0,10,7,31,2021
Indiana,0,5,7,31,2021
Kentucky,0,5,7,31,2021
Pennsylvania,3,2,7,29,2021
Texas,2,3,7,26,2021
Michigan,0,7,7,25,2021
California,5,1,7,25,2021
Illinois,0,5,7,25,2021
Washington,2,3,7,25,2021
Texas,0,6,7,24,2021
Georgia,2,2,7,24,2021
South Carolina,2,2,7,23,2021
Texas,1,5,7,22,2021
Illinois,2,3,7,21,2021
Illinois,2,3,7,21,2021
Illinois,0,8,7,21,2021
Texas,4,0,7,20,2021
New Jersey,0,6,7,19,2021
Ohio,1,3,7,18,2021
Texas,3,2,7,18,2021
California,1,3,7,18,2021
Oregon,1,6,7,17,2021
Illinois,0,6,7,17,2021
"Washington, D.C.",1,5,7,16,2021
South Carolina,1,3,7,16,2021
Illinois,1,3,7,16,2021
Texas,1,3,7,15,2021
Illinois,0,5,7,14,2021
Illinois,0,5,7,14,2021
Delaware,2,2,7,14,2021
Michigan,1,6,7,13,2021
Pennsylvania,2,3,7,12,2021
California,3,1,7,12,2021
Texas,1,5,7,11,2021
Pennsylvania,0,6,7,10,2021
Ohio,1,3,7,10,2021
California,1,3,7,5,2021
Ohio,1,11,7,5,2021
Ohio,2,3,7,4,2021
Texas,0,8,7,4,2021
Illinois,0,5,7,4,2021
Texas,0,5,7,4,2021
Texas,3,2,7,4,2021
North Carolina,3,1,7,3,2021
Georgia,1,3,7,3,2021
Illinois,0,7,7,1,2021
Virginia,1,3,7,1,2021
Delaware,1,3,6,30,2021
Texas,3,1,6,30,2021
New York,1,3,6,28,2021
Illinois,1,3,6,27,2021
Illinois,1,10,6,27,2021
Illinois,1,5,6,27,2021
Tennessee,3,1,6,27,2021
Texas,1,3,6,26,2021
Illinois,1,3,6,26,2021
Alabama,1,3,6,26,2021
New York,0,5,6,25,2021
Alabama,2,2,6,23,2021
Missouri,3,4,6,21,2021
Virginia,1,3,6,20,2021
Ohio,1,3,6,20,2021
Florida,1,10,6,20,2021
California,3,5,6,20,2021
Texas,0,8,6,20,2021
New Jersey,1,3,6,20,2021
California,1,6,6,19,2021
Minnesota,0,5,6,18,2021
North Carolina,2,2,6,17,2021
Arizona,1,12,6,17,2021
Maryland,1,5,6,16,2021
Illinois,0,5,6,15,2021
Illinois,5,3,6,15,2021
Alabama,2,2,6,15,2021
Florida,1,3,6,14,2021
Michigan,2,2,6,14,2021
Ohio,1,5,6,13,2021
Kentucky,1,3,6,13,2021
Illinois,1,9,6,12,2021
Ohio,3,4,6,12,2021
Texas,1,13,6,12,2021
Texas,0,5,6,11,2021
North Carolina,1,3,6,11,2021
Georgia,1,7,6,11,2021
Washington,2,2,6,11,2021
Michigan,1,3,6,10,2021
Tennessee,1,3,6,8,2021
Texas,0,5,6,8,2021
Ohio,0,6,6,7,2021
Florida,3,3,6,7,2021
Florida,3,6,6,6,2021
Oregon,4,0,6,6,2021
California,0,5,6,6,2021
Illinois,0,8,6,6,2021
Indiana,2,2,6,5,2021
Louisiana,0,8,6,5,2021
Michigan,1,3,6,4,2021
Delaware,1,3,6,2,2021
Ohio,0,6,6,2,2021
New York,0,5,5,31,2021
Florida,3,20,5,30,2021
Texas,2,2,5,29,2021
Missouri,1,3,5,28,2021
Florida,1,6,5,28,2021
North Carolina,0,5,5,27,2021
California,10,0,5,26,2021
Michigan,2,2,5,24,2021
Ohio,4,0,5,24,2021
New Jersey,0,5,5,23,2021
Ohio,3,8,5,23,2021
Ohio,1,5,5,22,2021
Minnesota,2,8,5,22,2021
South Carolina,1,14,5,22,2021
New Jersey,2,12,5,22,2021
New York,1,5,5,21,2021
California,2,5,5,18,2021
Ohio,1,3,5,16,2021
Michigan,0,5,5,16,2021
Georgia,1,5,5,16,2021
"Washington, D.C.",1,3,5,15,2021
Illinois,2,3,5,15,2021
Georgia,2,2,5,13,2021
Rhode Island,0,9,5,13,2021
Georgia,1,3,5,12,2021
Alabama,0,7,5,10,2021
Colorado,7,0,5,9,2021
Arizona,1,7,5,9,2021
Maryland,4,1,5,8,2021
Missouri,2,3,5,7,2021
New Jersey,0,5,5,6,2021
Pennsylvania,1,3,5,2,2021
Maryland,1,3,5,2,2021
Illinois,0,5,5,2,2021
Florida,1,3,5,1,2021
Massachusetts,0,5,5,1,2021
Wisconsin,3,1,5,1,2021
Georgia,1,3,5,1,2021
Florida,0,5,4,28,2021
North Carolina,5,0,4,28,2021
Virginia,2,3,4,27,2021
Oregon,0,7,4,26,2021
Louisiana,0,5,4,25,2021
Arkansas,1,3,4,25,2021
Missouri,1,3,4,25,2021
Louisiana,0,5,4,24,2021
United States Virgin Islands,2,2,4,19,2021
Texas,2,3,4,19,2021
Georgia,0,5,4,19,2021
Louisiana,0,5,4,18,2021
Michigan,1,5,4,18,2021
Wisconsin,3,2,4,18,2021
Louisiana,0,9,4,17,2021
Ohio,1,5,4,17,2021
Indiana,9,7,4,15,2021
Florida,0,5,4,15,2021
Illinois,1,3,4,12,2021
Tennessee,1,3,4,12,2021
Georgia,1,3,4,12,2021
Kansas,1,3,4,11,2021
Washington,0,5,4,11,2021
Missouri,1,3,4,10,2021
Texas,1,5,4,9,2021
Texas,1,5,4,8,2021
Wisconsin,2,2,4,7,2021
South Carolina,7,0,4,7,2021
Michigan,1,3,4,6,2021
New York,4,0,4,6,2021
Illinois,0,7,4,5,2021
Maryland,0,5,4,5,2021
Texas,6,0,4,5,2021
Louisiana,0,6,4,4,2021
Alabama,1,6,4,4,2021
Alabama,0,5,4,3,2021
Florida,0,7,4,3,2021
North Carolina,3,4,4,3,2021
California,4,2,3,31,2021
"Washington, D.C.",2,3,3,31,2021
Maryland,5,1,3,28,2021
Ohio,0,7,3,28,2021
Illinois,1,3,3,27,2021
Mississippi,0,6,3,27,2021
Tennessee,3,2,3,27,2021
Pennsylvania,0,7,3,26,2021
Virginia,2,8,3,26,2021
Illinois,1,7,3,26,2021
Alabama,2,2,3,23,2021
Michigan,1,3,3,22,2021
Ohio,2,2,3,22,2021
Colorado,10,2,3,22,2021
Texas,0,5,3,20,2021
Texas,1,7,3,20,2021
California,0,5,3,17,2021
Arizona,4,1,3,16,2021
Georgia,8,1,3,16,2021
Illinois,2,13,3,14,2021
New York,0,5,3,13,2021
Indiana,4,1,3,13,2021
Florida,1,3,3,13,2021
New Mexico,1,3,3,11,2021
Pennsylvania,2,2,3,11,2021
Texas,3,1,3,10,2021
Florida,1,3,3,8,2021
California,2,3,3,6,2021
"Washington, D.C.",0,5,3,4,2021
Pennsylvania,1,3,3,3,2021
Ohio,4,2,2,28,2021
Louisiana,0,5,2,28,2021
Mississippi,2,3,2,27,2021
California,1,3,2,26,2021
Texas,1,5,2,26,2021
Pennsylvania,1,3,2,20,2021
Louisiana,3,2,2,20,2021
Colorado,1,3,2,19,2021
Louisiana,1,3,2,18,2021
Pennsylvania,0,8,2,17,2021
Florida,3,1,2,16,2021
California,0,6,2,13,2021
North Carolina,1,3,2,13,2021
California,0,6,2,13,2021
Washington,1,3,2,6,2021
Illinois,1,5,2,6,2021
Mississippi,3,1,2,5,2021
Virginia,2,2,2,5,2021
Pennsylvania,1,3,2,5,2021
North Carolina,2,3,2,4,2021
Colorado,3,1,2,3,2021
Colorado,2,3,2,3,2021
Tennessee,1,3,2,3,2021
Oklahoma,6,1,2,2,2021
Florida,3,3,2,2,2021
New York,1,3,2,1,2021
Pennsylvania,2,3,1,29,2021
Nevada,0,5,1,24,2021
Indiana,6,1,1,24,2021
Kentucky,0,5,1,22,2021
California,1,3,1,21,2021
Arizona,0,5,1,17,2021
Arizona,1,6,1,17,2021
Illinois,0,5,1,16,2021
California,0,5,1,16,2021
Texas,1,3,1,9,2021
Illinois,6,2,1,9,2021
"Washington, D.C.",0,5,1,7,2021
Virginia,1,3,1,6,2021
Texas,1,3,1,6,2021
Florida,0,5,1,5,2021
Florida,0,7,1,4,2021
Florida,0,8,1,3,2021
California,2,2,1,3,2021
Louisiana,2,3,1,3,2021
Texas,1,3,1,1,2021
Arkansas,0,7,1,1,2021
Mississippi,4,0,4,7,2022
Pennsylvania,1,3,4,6,2022
Connecticut,1,3,4,4,2022
California,2,2,4,3,2022
California,6,12,4,3,2022
Arkansas,2,2,4,3,2022
Texas,1,15,4,3,2022
Colorado,0,5,4,2,2022
Louisiana,1,3,4,2,2022
North Carolina,1,3,4,2,2022
South Carolina,0,5,4,1,2022
Pennsylvania,2,2,3,31,2022
Louisiana,2,2,3,27,2022
California,2,3,3,26,2022
Colorado,2,2,3,25,2022
Arizona,0,5,3,23,2022
California,1,3,3,22,2022
Illinois,2,2,3,21,2022
Texas,0,10,3,20,2022
Texas,1,3,3,20,2022
North Carolina,3,2,3,19,2022
Texas,0,10,3,19,2022
Arkansas,1,26,3,19,2022
Virginia,2,3,3,19,2022
Louisiana,0,5,3,18,2022
Texas,1,3,3,18,2022
Florida,2,2,3,17,2022
New Jersey,1,3,3,16,2022
Alabama,0,5,3,15,2022
Hawaii,1,3,3,15,2022
Pennsylvania,1,3,3,14,2022
Illinois,0,7,3,13,2022
New York,2,2,3,13,2022
Alabama,1,3,3,12,2022
Maryland,3,1,3,12,2022
Ohio,1,3,3,11,2022
Colorado,1,3,3,9,2022
Missouri,3,1,3,8,2022
Minnesota,1,3,3,6,2022
South Carolina,2,3,3,6,2022
Arizona,1,3,3,5,2022
Nevada,1,6,3,3,2022
Maryland,1,3,3,2,2022
California,5,0,2,28,2022
South Carolina,1,3,2,26,2022
Louisiana,0,10,2,26,2022
New Mexico,1,3,2,26,2022
Nevada,1,13,2,26,2022
Louisiana,2,2,2,25,2022
Texas,4,0,2,24,2022
Georgia,1,3,2,22,2022
Minnesota,1,3,2,21,2022
Oregon,1,3,2,20,2022
Oregon,1,5,2,19,2022
Missouri,2,14,2,19,2022
California,0,7,2,19,2022
North Carolina,2,2,2,19,2022
Texas,0,5,2,17,2022
Florida,1,3,2,16,2022
Illinois,1,3,2,15,2022
Wisconsin,1,5,2,13,2022
Arkansas,1,3,2,12,2022
Arizona,2,9,2,11,2022
California,2,2,2,6,2022
Illinois,0,5,2,6,2022
Texas,6,2,2,5,2022
Wisconsin,0,5,2,1,2022
Georgia,1,3,1,30,2022
Missouri,3,1,1,29,2022
Georgia,1,3,1,29,2022
Tennessee,4,0,1,28,2022
California,2,3,1,27,2022
Wisconsin,6,0,1,23,2022
California,4,1,1,23,2022
Washington,1,3,1,22,2022
Maryland,3,1,1,19,2022
Georgia,1,3,1,16,2022
Georgia,1,5,1,15,2022
Oregon,0,6,1,14,2022
Georgia,3,1,1,14,2022
California,1,5,1,9,2022
Alabama,1,6,1,9,2022
Colorado,2,2,1,9,2022
Texas,1,3,1,8,2022
Mississippi,1,3,1,4,2022
Texas,2,2,1,2,2022
Texas,2,2,1,2,2022
Illinois,2,3,1,1,2022
South Carolina,0,5,1,1,2022
Georgia,1,3,1,1,2022
Wisconsin,1,3,1,1,2022
Colorado,2,2,1,1,2022
